{
    "delta": 0.12960710415253845,
    "omega": 1.0,
    "e1q": 1.057166363309482,
    "e1d": 0.08144816997929767,
    "i_d": 0.21075317168656751,
    "i_q": 0.07337672971107899,
    "v_1": 1.001995518899968,
    "theta_1": 0.0009980086209381406,
    "p_m": 0.10014940313151713,
    "v_f": 1.3754036525561992
}